{
  "06": [
    0,
    15,
    30,
    35,
    40,
    45,
    50,
    55
  ],
  "07": [
    0,
    5,
    10,
    15,
    20,
    25,
    30,
    34,
    38,
    42,
    46,
    50,
    54,
    58
  ],
  "08": [
    2,
    6,
    10,
    14,
    18,
    22,
    26,
    30,
    35,
    40,
    45,
    50,
    55
  ],
  "09": [
    0,
    5,
    10,
    15,
    20,
    25,
    30,
    35,
    40,
    45,
    50,
    55
  ],
  "10": [
    0,
    10,
    20,
    30,
    40,
    50
  ],
  "11": [
    0,
    10,
    20,
    30,
    40,
    50
  ],
  "12": [
    0,
    10,
    20,
    30,
    40,
    50
  ],
  "13": [
    0,
    10,
    20,
    30,
    40,
    50
  ],
  "14": [
    0,
    10,
    20,
    30,
    40,
    50
  ],
  "15": [
    0,
    10,
    20,
    30,
    40,
    50
  ],
  "16": [
    0,
    10,
    20,
    30,
    36,
    42,
    48,
    54
  ],
  "17": [
    0,
    6,
    12,
    18,
    24,
    30,
    36,
    42,
    48,
    54
  ],
  "18": [
    0,
    6,
    12,
    18,
    24,
    30,
    36,
    42,
    48,
    54
  ],
  "19": [
    0,
    6,
    12,
    18,
    24,
    30,
    36,
    42,
    48
  ],
  "20": [
    0,
    12,
    24,
    36,
    48
  ],
  "21": [
    0,
    12,
    24,
    36,
    48
  ],
  "22": [
    0,
    12,
    24,
    36,
    48
  ]
}